Player,Player ID
Tariq Abdul-Wahad,1505
Shareef Abdur-Rahim,949
Cory Alexander,724
Ray Allen,951
Rafer Alston,1747
John Amaechi,680
Derek Anderson,1507
Kenny Anderson,72
Nick Anderson,98
Shandon Anderson,1000
Chris Anstey,1512
Greg Anthony,21
Darrell Armstrong,353
Chucky Atkins,1088
Stacey Augmon,278
Anthony Avent,138
William Avery,1895
Toby Bailey,1753
Vin Baker,452
Charles Barkley,787
Dana Barros,344
Brent Barry,699
Drew Barry,1003
Jon Barry,468
Tony Battie,1499
Jonathan Bender,1886
Benoit Benjamin,104
Corey Benjamin,1736
Travis Best,696
Mike Bibby,1710
Chauncey Billups,1497
Mookie Blaylock,302
Corie Blount,916
Muggsy Bogues,177
Calvin Booth,1916
Lazaro Borrell,1953
Cal Bowdler,1898
Bruce Bowen,1477
Ryan Bowen,1763
Ira Bowman,1085
Earl Boykins,1863
Shawn Bradley,762
A.J. Bramlett,1920
Elton Brand,1882
Terrell Brandon,210
Chucky Brown,359
Dee Brown,244
Marcus Brown,992
Randy Brown,753
Rick Brunson,1594
Kobe Bryant,977
Mark Bryant,95
Greg Buckner,1761
Jud Buechler,146
Rodney Buford,1934
Matt Bullard,672
Scott Burrell,197
Jason Caffey,679
Michael Cage,262
Marcus Camby,948
Elden Campbell,922
Antoine Carr,156
Chris Carr,713
Anthony Carter,1853
Vince Carter,1713
Sam Cassell,208
Kelvin Cato,1509
Duane Causwell,190
Cedric Ceballos,76
John Celestand,1911
Rex Chapman,364
Calbert Cheaney,384
Pete Chilcutt,432
Chris Childs,164
Doug Christie,57
Keon Clark,1721
Keith Closs,1569
Derrick Coleman,934
Bimbo Coles,902
Marty Conlon,55
Tyrone Corbin,895
Chris Crawford,1544
Austin Croshere,1506
John Crotty,180
Terry Cummings,187
Vonteego Cummings,1907
Bill Curley,223
Dell Curry,209
Michael Curry,688
Erick Dampier,956
Antonio Daniels,1498
Antonio Davis,213
Baron Davis,1884
Ben Davis,989
Dale Davis,905
Emanual Davis,1023
Hubert Davis,93
Mark Davis,707
Ricky Davis,1729
Todd Day,103
Andrew DeClercq,692
Vinny Del Negro,219
Tony Delk,960
Derrick Dial,1760
Michael Dickerson,1722
Vlade Divac,124
Michael Doleac,1720
Sherman Douglas,428
Bryce Drew,1724
Chris Dudley,201
Tim Duncan,1495
Howard Eisley,458
Obinna Ekezie,1918
Mario Elie,53
Sean Elliott,251
Dale Ellis,107
LaPhonso Ellis,111
Pervis Ellison,442
Evan Eschmeyer,1915
Patrick Ewing,121
Tony Farmer,1108
Jamie Feick,994
Danny Ferry,198
Michael Finley,714
Derek Fisher,965
Danny Fortson,1504
Greg Foster,323
Jeff Foster,1902
Rick Fox,296
Adonal Foyle,1502
Steve Francis,1883
Todd Fuller,957
Lawrence Funderburke,1444
Kevin Garnett,708
Dean Garrett,1051
Pat Garrity,1727
Chris Gatling,423
Matt Geiger,761
Devean George,1904
Kendall Gill,383
Armen Gilliam,288
Dion Glover,1901
Brian Grant,258
Gary Grant,202
Horace Grant,270
Devin Gray,1070
A.C. Green,920
Adrian Griffin,1559
Tom Gugliotta,339
Darvin Ham,1032
Richard Hamilton,1888
Thomas Hamilton,676
Tom Hammonds,67
Anfernee Hardaway,358
Tim Hardaway,896
Ron Harper,166
Matt Harpring,1723
Al Harrington,1733
Othella Harrington,970
Lucious Harris,446
Antonio Harvey,176
Hersey Hawkins,765
Michael Hawkins,1138
Alan Henderson,673
Cedric Henderson,1538
Mark Hendrickson,971
Chris Herren,1914
Grant Hill,255
Tyrone Hill,238
Fred Hoiberg,697
Derek Hood,1967
Jeff Hornacek,204
Robert Horry,109
Allan Houston,275
Juwan Howard,436
Troy Hudson,1607
Larry Hughes,1716
Rick Hughes,77076
Lindsey Hunter,283
Allen Iverson,947
Bobby Jackson,1517
Jermaine Jackson,1983
Jim Jackson,754
Mark Jackson,349
Randell Jackson,1872
Sam Jacobson,1734
Tim James,1906
Antawn Jamison,1712
Harold Jamison,1942
Anthony Johnson,1533
Avery Johnson,422
DeMarco Johnson,1746
Ervin Johnson,911
Larry Johnson,913
Charles Jones,279
Damon Jones,1800
Eddie Jones,224
Jumaine Jones,1908
Reggie Jordan,674
Adam Keefe,228
Shawn Kemp,431
Steve Kerr,70
Jerome Kersey,760
Lari Ketner,1930
Jason Kidd,467
Gerard King,1562
Kerry Kittles,954
Joe Kleine,170
Brevin Knight,1510
Travis Knight,969
Christian Laettner,363
Raef LaFrentz,1711
Andrew Lang,457
Trajan Langdon,1892
Tim Legler,100
Voshon Lenard,702
Quincy Lewis,1900
Rashard Lewis,1740
Randy Livingston,988
Grant Long,3
Luc Longley,26
Tyronn Lue,1731
George Lynch,248
Todd MacCulloch,1928
Sam Mack,694
Don MacLean,931
Corey Maggette,1894
Dan Majerle,105
Karl Malone,252
Matt Maloney,1074
Danny Manning,330
Stephon Marbury,950
Shawn Marion,1890
Sean Marks,1752
Donyell Marshall,923
Darrick Martin,239
Jamal Mashburn,469
Anthony Mason,193
Tony Massenburg,763
Vernon Maxwell,137
Walter McCarty,962
George McCloud,45
Jelani McCoy,1741
Antonio McDyess,686
Tracy McGrady,1503
Jim McIlvaine,29
Jeff McInnis,976
Derrick McKey,365
Aaron McKie,243
Roshown McLeod,1728
Ron Mercer,1500
Andre Miller,1889
Anthony Miller,292
Brad Miller,1802
Oliver Miller,932
Reggie Miller,397
Chris Mills,168
Terry Mills,371
Jason Miskiri,1954
Sam Mitchell,417
Cuttino Mobley,1749
Nazr Mohammed,1737
Eric Montross,376
Mikki Moore,1630
Alonzo Mourning,297
Chris Mullin,904
Eric Murdock,785
Lamond Murray,441
Tracy Murray,145
Dikembe Mutombo,87
Steve Nash,959
Tyrone Nesby,1838
Johnny Newman,271
Dirk Nowitzki,1717
Jermaine O'Neal,979
Shaquille O'Neal,406
Charles Oakley,891
Lamar Odom,1885
Hakeem Olajuwon,165
Kevin Ollie,1563
Michael Olowokandi,1709
Greg Ostertag,731
Bo Outlaw,448
Doug Overton,77
Billy Owens,182
Robert Pack,123
Scott Padgett,1909
Milt Palacio,1960
Anthony Parker,1515
Cherokee Parks,685
Andrae Patterson,1754
Ruben Patterson,1739
Gary Payton,56
Anthony Peeler,324
Will Perdue,781
Sam Perkins,64
Elliot Perry,386
Chuck Person,456
Wesley Person,445
Bobby Phills,184
Eric Piatkowski,15
Paul Pierce,1718
Scottie Pippen,937
Scot Pollard,1513
Olden Polynice,178
Terry Porter,345
James Posey,1899
Vitaly Potapenko,958
Brent Price,85
Laron Profit,1919
Theo Ratliff,689
Eldridge Recasner,695
Bryant Reeves,735
Khalid Reeves,234
Don Reid,690
J.R. Reid,462
Rodrick Rhodes,1518
Glen Rice,779
Mitch Richmond,782
Isaiah Rider,375
Stanley Roberts,914
Ryan Robertson,1926
Clifford Robinson,361
David Robinson,764
Eddie Robinson,1944
Glenn Robinson,299
Carlos Rogers,435
Rodney Rogers,915
Roy Rogers,964
Sean Rooks,399
Jalen Rose,147
Malik Rose,990
Michael Ruffin,1913
Bryon Russell,935
Arvydas Sabonis,717
John Salley,927
Detlef Schrempf,96
Dennis Scott,192
Malik Sealy,907
Brian Shaw,216
Dickey Simpkins,54
Brian Skinner,1730
Joe Smith,693
Michael Smith,63
Rik Smits,22
Eric Snow,727
Felton Spencer,280
Latrell Sprewell,84
Ryan Stack,1756
Jerry Stackhouse,711
John Starks,317
Vladimir Stepania,1735
Joe Stephens,1086
Michael Stewart,1565
Bryant Stith,179
John Stockton,304
Damon Stoudamire,757
Erick Strickland,1065
Mark Strickland,1110
Rod Strickland,393
Derek Strong,400
Bob Sura,682
Wally Szczerbiak,1887
Johnny Taylor,1511
Maurice Taylor,1508
Jason Terry,1891
Jamel Thomas,1975
John Thomas,1519
Kenny Thomas,1903
Kurt Thomas,703
Tim Thomas,1501
Otis Thorpe,901
Robert Traylor,1714
Gary Trent,718
Wayne Turner,1943
Nick Van Exel,89
Keith Van Horn,1496
Jacque Vaughn,1521
Loy Vaught,919
Fred Vinson,1844
Antoine Walker,952
Samaki Walker,955
Ben Wallace,1112
John Wallace,961
Rasheed Wallace,739
Rex Walters,777
Charlie Ward,369
Chris Webber,185
Bonzi Wells,1719
Bill Wennington,82
David Wesley,133
Doug West,28
Mark West,770
Jahidi White,1751
Chris Whitney,43
Aaron Williams,1425
Alvin Williams,1541
Eric Williams,677
Jason Williams,1715
Jerome Williams,966
Lorenzo Williams,31
Monty Williams,42
Scott Williams,281
Shammond Williams,1742
Walt Williams,1005
Corliss Williamson,722
Kevin Willis,788
Dedric Willoughby,2000
David Wingate,766
Haywoode Workman,906
Metta World Peace,1897
Lorenzen Wright,953
Tim Young,1937
Mahmoud Abdul-Rauf,51
Courtney Alexander,2042
Erick Barkley,2057
David Benoit,128
Mark Blount,1548
Etdrick Bohannon,1564
Brian Cardinal,2073
Mateen Cleaves,2043
Jason Collier,2044
Jamal Crawford,2037
Terry Davis,426
Keyon Dooling,2039
Tyus Edney,721
Kevin Edwards,236
Khalid El-Amin,2064
Marcus Fizer,2033
Zendon Hamilton,1985
Jason Hart,2078
Donnell Harvey,2051
Eddie House,2067
Zydrunas Ilgauskas,980
Marc Jackson,1531
Stephen Jackson,1536
DerMarr Johnson,2035
Popeye Jones,461
Garth Joseph,2123
Dan Langhi,2061
Mark Madsen,2058
Jamaal Magloire,2048
Kenyon Martin,2030
Desmond Mason,2046
Paul McPherson,2101
Chris Mihm,2036
Darius Miles,2032
Mike Miller,2034
Lee Nailon,1924
Ira Newble,1956
Moochie Norris,983
Olumide Oyedeji,2071
Mike Penberthy,2130
Morris Peterson,2050
Mark Pope,998
Chris Porter,2084
Lavor Postell,2068
Joel Przybilla,2038
Michael Redd,2072
Quentin Richardson,2047
Terrance Roberson,2121
Jamal Robinson,1554
James Robinson,381
Larry Robinson,1683
Soumaila Samake,2066
Daniel Santiago,2091
Shawnelle Scott,1035
Reggie Slater,1073
Mike Smith,2065
DeShawn Stevenson,2052
Stromile Swift,2031
Jake Voskuhl,2063
Victor Alexander,2349
Malik Allen,2124
Chris Andersen,2365
Gilbert Arenas,2240
Brandon Armstrong,2220
Carlos Arroyo,2306
Shane Battier,2203
Charlie Bell,2294
Raja Bell,1952
Ruben Boumtje-Boumtje,2257
Michael Bradley,2214
Jamison Brewer,2249
Damone Brown,2245
Ernest Brown,2081
Kedrick Brown,2208
Kwame Brown,2198
Tierre Brown,2357
Mitchell Butler,348
Tyson Chandler,2199
Speedy Claxton,2049
Jarron Collins,2260
Jason Collins,2215
Joe Crispin,2343
Eddy Curry,2201
Samuel Dalembert,2223
DeSagana Diop,2205
Predrag Drobnjak,1542
Maurice Evans,2230
Alton Ford,2228
Joseph Forte,2218
Antonis Fotsis,2238
Pau Gasol,2200
Steve Goodrich,1864
Eddie Griffin,2204
Tang Hamilton,2347
Trenton Hassell,2239
Kirk Haston,2213
Brendan Haywood,2217
Steven Hunter,2212
Jerome James,1744
Richard Jefferson,2210
Joe Johnson,2207
Alvin Jones,2264
Michael Jordan,893
Andrei Kirilenko,1905
Art Long,1609
Amal McCaskill,1043
Terence Morris,2242
Troy Murphy,2211
Dean Oliver,2352
Tony Parker,2225
Zach Randolph,2216
Jason Richardson,2202
Jeryl Sasser,2219
Kenny Satterfield,2261
Brian Scalabrine,2243
Bobby Simmons,2250
Charles Smith,293
Leon Smith,1910
Etan Thomas,2041
Jamaal Tinsley,2224
Jeff Trepagnier,2244
Ratko Varda,2237
Gerald Wallace,2222
Earl Watson,2248
Rodney White,2206
Loren Woods,2254
Robert Archibald,2425
Mengke Bateer,2370
Mike Batiste,2471
Lonny Baxter,2437
Carlos Boozer,2430
Devin Brown,2484
Pat Burke,2469
Caron Butler,2406
Rasual Butler,2446
Dan Dickau,2424
Juan Dixon,2413
Mike Dunleavy,2399
Melvin Ely,2408
Reggie Evans,2501
Tremaine Fowlkes,1762
Dan Gadzuric,2429
Anthony Goldwire,924
Drew Gooden,2400
Marcus Haislip,2409
Adam Harrington,2492
Junior Harrington,2454
Juaquin Hawkins,1038
Nate Huffman,1572
Ryan Humphrey,2415
Casey Jacobsen,2418
Mike James,2229
Chris Jefferies,2423
Jared Jeffries,2407
Ken Johnson,2256
Fred Jones,2410
Sean Lampley,2253
Tito Maddox,2432
Roger Mason,2427
Yao Ming,2397
Mehmet Okur,2246
Chris Owens,2442
Jannero Pargo,2457
Smush Parker,2470
Tayshaun Prince,2419
Efthimios Rentzias,981
Guy Rucker,2462
Kareem Rush,2416
John Salmons,2422
Jamal Sampson,2441
Ansu Sesay,1738
Paul Shirley,2321
Tamar Slay,2447
Nikoloz Tskitishvili,2401
Dajuan Wagner,2402
Chris Wilcox,2404
Mike Wilks,2366
Frank Williams,2421
Jay Williams,2398
Qyntel Woods,2417
Vincent Yarbrough,2428
Carmelo Anthony,2546
Marcus Banks,2556
Leandro Barbosa,2571
Jerome Beasley,2602
Troy Bell,2559
Steve Blake,2581
Keith Bogans,2586
Curtis Borchardt,2414
Chris Bosh,2547
Torraye Braggs,1765
Matt Carroll,2679
Brian Cook,2567
Marquis Daniels,2605
Boris Diaw,2564
Kaniel Dickens,2079
Ndudi Ebi,2569
Francisco Elson,1922
Richie Frahm,2499
Reece Gaines,2558
Alex Garcia,2682
Paul Grant,1514
Willie Green,2584
Ben Handlogten,1052
Travis Hansen,2580
Udonis Haslem,2617
Jarvis Hayes,2553
Shane Heal,1049
Kirk Hinrich,2550
Josh Howard,2572
Brandon Hunter,2599
LeBron James,2544
Britton Johnsen,2639
Linton Johnson,2669
Dahntay Jones,2563
James Jones,2592
Chris Kaman,2549
Jason Kapono,2574
Kyle Korver,2594
Maciej Lampe,2573
Keith McLeod,2693
Travis Outlaw,2566
Zaza Pachulia,2585
Kendrick Perkins,2570
Luke Ridnour,2557
Theron Smith,2604
Darius Songaila,2443
Dwyane Wade,2548
Luke Walton,2575
David West,2561
Tony Allen,2754
Trevor Ariza,2772
Matt Barnes,2440
Andre Barrett,2857
Tony Bobbitt,2800
Matt Bonner,2588
Antonio Burks,2766
Geno Carlisle,2367
Lionel Chalmers,2763
Josh Childress,2735
Nick Collison,2555
Erik Daniels,2845
Josh Davis,2668
Carlos Delfino,2568
Luol Deng,2736
Chris Duhon,2768
Ronald Dupree,2648
Corsley Edwards,2451
John Edwards,2823
Andre Emmett,2765
Luis Flores,2784
Matt Freije,2782
Eddie Gill,2109
Ben Gordon,2732
Devin Harris,2734
David Harrison,2758
Dwight Howard,2730
Kris Humphries,2743
Andre Iguodala,2738
Royal Ivey,2767
Luke Jackson,2739
Al Jefferson,2744
Horace Jenkins,2798
Mario Kasun,2435
Viktor Khryapa,2751
Shaun Livingston,2733
Kevin Martin,2755
Jameer Nelson,2749
Emeka Okafor,2731
Pavel Podkolzin,2750
Peter John Ramos,2762
Justin Reed,2770
Jared Reiner,2876
Bernard Robinson,2774
Quinton Ross,2624
Donta Smith,2764
Josh Smith,2746
Kirk Snyder,2745
Pape Sow,2776
Awvee Storey,2852
Robert Swift,2741
Yuta Tabuse,2657
Sebastian Telfair,2742
Beno Udrih,2757
Jackson Vroman,2761
Delonte West,2753
Damien Wilkins,2863
Dorell Wright,2748
Alex Acker,101165
Alan Anderson,101187
Earl Barron,2853
Eddie Basden,101188
Brandon Bass,101138
Esteban Batista,101212
Andray Blatche,101154
Andrew Bogut,101106
Kevin Burleson,101207
Jackie Butler,2866
Andrew Bynum,101115
Travis Diener,101143
Ike Diogu,101113
Monta Ellis,101145
Daniel Ewing,101137
Raymond Felton,101109
Gerald Fitch,2809
Sharrod Ford,101213
Channing Frye,101112
Deng Gai,101184
Ryan Gomes,101155
Joey Graham,101121
Stephen Graham,101211
Danny Granger,101122
Devin Green,101209
Gerald Green,101123
Orien Greene,101158
Luther Head,101129
Julius Hodge,101125
Randy Holcomb,2450
Jarrett Jack,101127
Amir Johnson,101161
Dwayne Jones,101204
Linas Kleiza,101132
Yaroslav Korolev,101117
David Lee,101135
Arvydas Macijauskas,101178
Rawle Marshall,101185
Jason Maxiell,101131
Sean May,101118
Rashad McCants,101119
Aaron Miles,101223
Fabricio Oberto,101177
Andre Owens,101261
Chris Paul,101108
Johan Petro,101130
Josh Powell,2694
Ronnie Price,101179
Shavlik Randolph,101183
Anthony Roberson,101194
Lawrence Roberts,101160
Nate Robinson,101126
Melvin Sanders,2684
Alex Scales,2637
Ha Seung-Jin,2775
Wayne Simien,101134
James Singleton,101189
Salim Stoudamire,101136
Chris Taft,101147
Donell Taylor,101182
James Thomas,2839
Dijon Thompson,101159
Charlie Villanueva,101111
Von Wafer,101144
Matt Walsh,101190
Hakim Warrick,101124
Martell Webster,101110
Robert Whaley,101156
Deron Williams,101114
Marvin Williams,101107
Antoine Wright,101120
Bracey Wright,101152
Hassan Adams,200801
Maurice Ager,200772
LaMarcus Aldridge,200746
Hilton Armstrong,200756
James Augustine,200788
Kelenna Azubuike,101235
Renaldo Balkman,200764
Andrea Bargnani,200745
Maceo Baston,1766
Will Blalock,200807
Josh Boone,200767
Cedric Bozeman,200841
Ronnie Brewer,200758
Andre Brown,2810
Shannon Brown,200769
Rodney Carney,200760
Mardy Collins,200776
Will Conroy,101215
Paul Davis,200781
Yakhouba Diawara,200821
Quincy Douby,200763
Jordan Farmar,200770
Desmon Farmer,2824
Randy Foye,200751
Jorge Garbajosa,200816
Rudy Gay,200752
Daniel Gibson,200789
Andreas Glyniadakis,2601
Lynn Greer,2696
Mike Hall,200837
Chuck Hayes,101236
Walter Herrmann,200835
Robert Hite,200823
Ryan Hollins,200797
Alexander Johnson,200792
Bobby Jones,77193
Solomon Jones,200780
Tarence Kinsey,200814
James Lang,2591
Kyle Lowry,200768
Renaldo Major,200970
Damir Markota,200806
Chris McCray,200840
Ivan McFarlin,200829
Pops Mensah-Bonsu,200822
Paul Millsap,200794
Adam Morrison,200747
David Noel,200786
Steve Novak,200779
Patrick O'Bryant,200753
Leon Powe,200796
Roger Powell,101232
Chris Quinn,200809
Allan Ray,200810
JJ Redick,200755
Jeremy Richardson,200978
Rajon Rondo,200765
Brandon Roy,200750
Luke Schenscher,101195
Thabo Sefolosha,200757
Cedric Simmons,200759
Craig Smith,200783
Steven Smith,120
Vassilis Spanoulis,2779
Tyrus Thomas,200748
Ronny Turiaf,101142
Ime Udoka,2137
Marcus Vinicius,200790
James White,200778
Justin Williams,200818
Marcus Williams,200766
Shawne Williams,200761
Shelden Williams,200749
Arron Afflalo,201167
Morris Almond,201165
Joel Anthony,201202
Marco Belinelli,201158
Corey Brewer,201147
Aaron Brooks,201166
Wilson Chandler,201163
Mike Conley,201144
Daequan Cook,201161
Javaris Crittenton,201159
Jermareo Davidson,201176
Glen Davis,201175
Jared Dudley,201162
Kevin Durant,201142
Nick Fazekas,201174
Kyrylo Fesenko,201178
Thomas Gardner,201242
Marcin Gortat,101162
Aaron Gray,201189
Jeff Green,201145
Taurean Green,201192
Spencer Hawes,201150
Al Horford,201143
Yi Jianlian,201146
Coby Karl,201207
Carl Landry,201171
Keith Langford,101247
Acie Law,201151
Ian Mahinmi,101133
Dominic McGuire,201187
Josh McRoberts,201177
Jamario Moon,200081
Randolph Morris,201043
Juan Carlos Navarro,2434
Demetris Nichols,201193
Joakim Noah,201149
Oleksiy Pecherov,200762
Gabe Pruitt,201172
Chris Richard,201181
Cheikh Samb,200798
Luis Scola,2449
Ramon Sessions,201196
Courtney Sims,201235
Jason Smith,201160
Rodney Stuckey,201155
Billy Thomas,2873
Al Thornton,201154
Alando Tucker,201169
Darius Washington,200827
Darryl Watkins,201208
Mario West,201238
Sean Williams,201157
Brandan Wright,201148
Julian Wright,201153
Nick Young,201156
Thaddeus Young,201152
Blake Ahearn,201336
Joe Alexander,201570
Ryan Anderson,201583
Darrell Arthur,201589
Nicolas Batum,201587
Jerryd Bayless,201573
Michael Beasley,201563
Bobby Brown,201628
Will Bynum,101198
Mario Chalmers,201596
Joey Dorsey,201595
Chris Douglas-Roberts,201604
Danilo Gallinari,201568
Marc Gasol,201188
Eric Gordon,201569
Hamed Haddadi,201632
Malik Hairston,201612
Roy Hibbert,201579
George Hill,201588
Steven Hill,201631
Othello Hunter,201629
Darnell Jackson,201616
Nathan Jawai,201605
Trey Johnson,201234
DeAndre Jordan,201599
Kosta Koufos,201585
Rob Kurz,201633
Courtney Lee,201584
Brook Lopez,201572
Robin Lopez,201577
Kevin Love,201567
Cartier Martin,201858
Luc Mbah a Moute,201601
JaVale McGee,201580
Anthony Morrow,201627
DeMarcus Nelson,201634
Greg Oden,201141
Anthony Randolph,201576
Derrick Rose,201565
Brandon Rush,201575
Walter Sharpe,201594
Sean Singletary,201606
Marreese Speights,201578
Mike Taylor,201446
Jason Thompson,201574
Anthony Tolliver,201229
Henry Walker,201611
Kyle Weaver,201602
Sonny Weems,201603
Russell Westbrook,201566
Jawad Williams,101214
Sun Yue,201180
David Andersen,2431
Antonio Anderson,202079
Jeff Ayres,201965
Rodrigue Beaubois,201958
DeJuan Blair,201971
Jon Brockman,201972
Derrick Brown,201974
Chase Budinger,201978
DeMarre Carroll,201960
Omri Casspi,201956
Earl Clark,201947
Darren Collison,201954
Dante Cunningham,201967
JamesOn Curry,201191
Stephen Curry,201939
Austin Daye,201948
DeMar DeRozan,201942
Toney Douglas,201962
Wayne Ellington,201961
Tyreke Evans,201936
Jonny Flynn,201938
Sundiata Gaines,202178
Taj Gibson,201959
Danny Green,201980
Taylor Griffin,201981
Tyler Hansbrough,201946
James Harden,201935
Mike Harris,200839
Gerald Henderson,76993
Jordan Hill,201941
Jrue Holiday,201950
Lester Hudson,201991
Chris Hunter,201805
Serge Ibaka,201586
Cedric Jackson,202132
Brandon Jennings,201943
Jonas Jerebko,201973
James Johnson,201949
Marcus Landry,202068
Ty Lawson,201951
Wesley Matthews,202083
Eric Maynor,201953
Jodie Meeks,201975
DaJuan Summers,201969
Jermaine Taylor,201966
Jeff Teague,201952
Garrett Temple,202066
Hasheem Thabeet,201934
Marcus Thornton,201977
Terrence Williams,201944
Sam Young,201970
Jeff Adrien,202399
Solomon Alabi,202374
Cole Aldrich,202332
Al-Farouq Aminu,202329
James Anderson,202341
Luke Babbitt,202337
Eric Bledsoe,202339
Trevor Booker,202344
Craig Brackins,202342
Avery Bradley,202340
Derrick Caracter,202382
Sherron Collins,202395
DeMarcus Cousins,202326
Jordan Crawford,202348
Ed Davis,202334
Zabian Dowdell,202220
Devin Ebanks,202365
Semih Erden,201623
Jeremy Evans,202379
Christian Eyenga,201963
Derrick Favors,202324
Landry Fields,202361
Gary Forbes,201814
Alonzo Gee,202087
Paul George,202331
Blake Griffin,201933
Luke Harangody,202376
Manny Harris,202412
Gordon Hayward,202330
Lazar Hayward,202351
Xavier Henry,202333
Damion James,202345
Armon Johnson,202356
Chris Johnson,202419
Wesley Johnson,202325
Dominique Jones,202346
Gani Lawal,202371
Jeremy Lin,202391
Greg Monroe,202328
Timofey Mozgov,202389
Gary Neal,202390
Larry Owens,202082
Patrick Patterson,202335
Dexter Pittman,202354
Quincy Pondexter,202347
Andy Rautins,202360
Samardo Samuels,202396
Larry Sanders,202336
Mustafa Shakur,201203
Garret Siler,202081
Tiago Splitter,201168
Lance Stephenson,202362
Pape Sy,202377
Evan Turner,202323
Ekpe Udoh,202327
Ben Uzoh,202386
John Wall,202322
Willie Warren,202378
Hassan Whiteside,202355
Reggie Williams,199
Lavoy Allen,202730
Bismack Biyombo,202687
MarShon Brooks,202705
Alec Burks,202692
Jimmy Butler,202710
Norris Cole,202708
Kenneth Faried,202702
Jeff Foote,202880
Courtney Fortson,202622
Jimmer Fredette,202690
Mickell Gladness,202148
Andrew Goudelock,202726
Jordan Hamilton,202706
Justin Harper,202712
Josh Harrellson,202725
Terrel Harris,202227
Tobias Harris,202699
Cory Higgins,202809
Darington Hobson,202359
Tyler Honeycutt,202715
Dennis Horner,202862
Kyrie Irving,202681
Reggie Jackson,202704
Charles Jenkins,202724
Carldell Johnson,201291
Ivan Johnson,201274
JaJuan Johnson,202707
Jerome Jordan,202366
Cory Joseph,202709
Brandon Knight,202688
Malcolm Lee,202723
Kawhi Leonard,202695
Travis Leslie,202727
Jon Leuer,202720
DeAndre Liggins,202732
Shelvin Mack,202714
Vernon Macklin,202731
E'Twaun Moore,202734
Darius Morris,202721
Marcus Morris,202694
Markieff Morris,202693
Daniel Orton,202350
Jeremy Pargo,202951
Chandler Parsons,202718
Ryan Reid,202385
Ricky Rubio,201937
Walker Russell,78048
Josh Selby,202729
Iman Shumpert,202697
Chris Singleton,202698
Donald Sloan,202388
Greg Smith,78190
Nolan Smith,202701
Greg Stiemsma,201880
Julyan Stone,202933
Isaiah Thomas,202738
Lance Thomas,202498
Malcolm Thomas,202952
Trey Thompkins,202717
Klay Thompson,202691
Mychel Thompson,202814
Tristan Thompson,202684
Jeremy Tyler,202719
Kemba Walker,202689
Derrick Williams,202682
Elliot Williams,202343
Jordan Williams,202716
Chris Wright,202874
Quincy Acy,203112
Josh Akognon,203006
Harrison Barnes,203084
Will Barton,203115
Aron Baynes,203382
Kent Bazemore,203145
Bradley Beal,203078
Patrick Beverley,201976
Victor Claver,201964
Chris Copeland,203142
Jae Crowder,203109
Jared Cunningham,203099
Anthony Davis,203076
Nando De Colo,201986
Justin Dentmon,202458
Andre Drummond,203083
Kim English,203119
Festus Ezeli,203105
Evan Fournier,203095
Joel Freeland,200777
Diante Garrett,203197
Draymond Green,203110
Ben Hansbrough,203162
John Henson,203089
Justin Holiday,203200
Bernard James,203108
John Jenkins,203098
Orlando Johnson,203111
Darius Johnson-Odom,203130
DeQuan Jones,203199
Kevin Jones,203158
Perry Jones,203103
Terrence Jones,203093
Kris Joseph,203126
Michael Kidd-Gilchrist,203077
Doron Lamb,203117
Jeremy Lamb,203087
Meyers Leonard,203086
Damian Lillard,203081
Scott Machado,203159
Kendall Marshall,203088
Fab Melo,203097
Khris Middleton,203114
Darius Miller,203121
Quincy Miller,203113
Arnett Moultrie,203102
Kevin Murphy,203122
Andrew Nicholson,203094
Kyle O'Quinn,203124
Tim Ohlbrecht,203317
Miles Plumlee,203101
Pablo Prigioni,203143
Austin Rivers,203085
Brian Roberts,203148
Thomas Robinson,203080
Terrence Ross,203082
Robert Sacre,203135
Mike Scott,203118
Tornike Shengelia,203129
Alexey Shved,203144
Henry Sims,203156
Kyle Singler,202713
Jared Sullinger,203096
Tyshawn Taylor,203116
Marquis Teague,203104
Jarvis Varnado,202363
Dion Waiters,203079
Maalik Wayns,203146
Tony Wroten,203100
Luke Zeller,202545
Tyler Zeller,203092
Steven Adams,203500
Giannis Antetokounmpo,203507
Chris Babb,203569
Anthony Bennett,203461
Vander Blue,203505
Reggie Bullock,203493
Trey Burke,203504
Dwight Buycks,202779
Nick Calathes,201979
Kentavious Caldwell-Pope,203484
Isaiah Canaan,203477
Michael Carter-Williams,203487
Dionte Christmas,202091
Ian Clark,203546
Robert Covington,203496
Allen Crabbe,203459
Seth Curry,203552
Troy Daniels,203584
Gigi Datome,203540
Brandon Davies,203561
Dewayne Dedmon,203473
Matthew Dellavedova,203521
Gorgui Dieng,203476
Shane Edwards,202197
Carrick Felix,203467
Jamaal Franklin,203479
Rudy Gobert,203497
Archie Goodwin,203462
Justin Hamilton,203120
Elias Harris,203548
Solomon Hill,203524
Scotty Hopson,203816
Robbie Hummel,203133
Othyus Jeffers,201785
Sergey Karasev,203508
Ryan Kelly,203527
Shane Larkin,203499
Ricky Ledo,203495
Alex Len,203458
Ray McCallum,203492
CJ McCollum,203468
Ben McLemore,203463
Gal Mekel,203539
Tony Mitchell,203183
Shabazz Muhammad,203498
Erik Murphy,203513
Mike Muscala,203488
James Nunnally,203263
Victor Oladipo,203506
Kelly Olynyk,203482
Arinze Onuaku,202620
Mason Plumlee,203486
Phil Pressey,203515
Miroslav Raduljica,203545
Andre Roberson,203460
Peyton Siva,203491
Chris Smith,1814
Tony Snell,203503
James Southerland,203480
Hollis Thompson,203138
Casper Ware,203810
Royce White,203091
Jeff Withey,203481
Nate Wolters,203489
Cody Zeller,203469
Jordan Adams,203919
Furkan Aldemir,203128
Kyle Anderson,203937
Cameron Bairstow,203946
Sim Bhullar,204021
Tarik Black,204028
Jabari Brown,203913
Lorenzo Brown,203485
Markel Brown,203900
Bruno Caboclo,203998
Clint Capela,203991
Will Cherry,203805
Jordan Clarkson,203903
Jack Cooley,204022
Bryce Cotton,203955
Andre Dawkins,203958
Spencer Dinwiddie,203915
Larry Drew II,203580
Cleanthony Early,203921
Tyler Ennis,203898
Dante Exum,203957
Tim Frazier,204025
Langston Galloway,204038
Aaron Gordon,203932
Drew Gordon,204079
Jerami Grant,203924
Erick Green,203475
JaMychal Green,203210
Gary Harris,203914
Joe Harris,203925
Rodney Hood,203918
Joe Ingles,204060
Cory Jefferson,203928
Grant Jerrett,203511
Nick Johnson,203910
Tyler Johnson,204020
Sean Kilpatrick,203930
Alex Kirk,203945
Joffrey Lauvergne,203530
Zach LaVine,203897
Kalin Lucas,203564
Devyn Marble,203906
James Michael McAdoo,203949
Doug McDermott,203926
Mitch McGary,203956
Jerel McNeal,202077
Elijah Millsap,202407
Eric Moreland,203961
Shabazz Napier,203894
Nerlens Noel,203457
Lucas Nogueira,203512
Johnny O'Bryant,203948
Kostas Papanikolaou,203123
Jabari Parker,203953
Adreian Payne,203940
Elfrid Payton,203901
Dwight Powell,203939
Julius Randle,203944
Glenn Robinson III,203922
JaKarr Sampson,203960
Marcus Smart,203935
Russ Smith,203893
Nik Stauskas,203917
David Stockton,204065
Jarnell Stokes,203950
Noah Vonleh,203943
David Wear,204033
Travis Wear,204037
Shayne Whittington,203963
Andrew Wiggins,203952
James Young,203923
Cliff Alexander,1626146
Justin Anderson,1626147
Thanasis Antetokounmpo,203648
Keith Appling,203951
Nemanja Bjelica,202357
Devin Booker,1626164
Anthony Brown,1626148
Willie Cauley-Stein,1626161
Rakeem Christmas,1626176
Coty Clarke,1626262
Pat Connaughton,1626192
Branden Dawson,1626183
Bryce Dejean-Jones,1626214
Sam Dekker,1626155
Duje Dukan,1626251
Jarell Eddie,204067
Jerian Grant,1626170
Montrezl Harrell,1626149
Aaron Harrison,1626151
Mario Hezonja,1626209
Darrun Hilliard,1626199
Rondae Hollis-Jefferson,1626178
Richaun Holmes,1626158
Marcelo Huertas,1626273
Josh Huestis,203962
Damien Inglis,203996
Stanley Johnson,1626169
Tyus Jones,1626145
Frank Kaminsky,1626163
Sasha Kaun,201619
Kevon Looney,1626172
Trey Lyles,1626168
Jarell Martin,1626185
Chris McCullough,1626191
Jordan McRae,203895
Salah Mejri,1626257
Jordan Mickey,1626175
Luis Montero,1626242
Emmanuel Mudiay,1626144
Xavier Munford,204098
Raul Neto,203526
Jahlil Okafor,1626143
Lamar Patterson,203934
Cameron Payne,1626166
Bobby Portis,1626171
Norman Powell,1626181
Willie Reed,203186
Josh Richardson,1626196
Terry Rozier,1626179
D'Angelo Russell,1626156
Jonathon Simmons,203613
Alex Stepheson,1627293
Axel Toupane,1626253
Karl-Anthony Towns,1626157
Myles Turner,1626167
Rashad Vaughn,1626173
Briante Weber,1627362
Alan Williams,1626210
Justise Winslow,1626159
Christian Wood,1626174
Delon Wright,1626153
Ron Baker,1627758
Wade Baldwin,1627735
Malik Beasley,1627736
Dragan Bender,1627733
Ben Bentil,1627791
Joel Bolomboy,1627762
Malcolm Brogdon,1627763
Jaylen Brown,1627759
Marquese Chriss,1627737
Semaj Christon,203902
Quinn Cook,1626188
Deyonta Davis,1627738
Malcolm Delaney,1627098
Cheick Diallo,1627767
Kris Dunn,1627739
Henry Ellenson,1627740
Joel Embiid,203954
Kay Felder,1627770
Yogi Ferrell,1627812
Dorian Finney-Smith,1627827
Bryn Forbes,1627854
Patricio Garino,1627868
Michael Gbinije,1627771
Marcus Georges-Hunt,1627875
Jonathan Gibson,1626780
Treveon Graham,1626203
Andrew Harrison,1626150
Buddy Hield,1627741
Brandon Ingram,1627742
Demetrius Jackson,1627743
Pierre Jackson,203510
Brice Johnson,1627744
Damian Jones,1627745
Mindaugas Kuzminskas,1627851
Jake Layman,1627774
Caris LeVert,1627747
Shawn Long,1627848
Sheldon Mac,1627815
Thon Maker,1627748
Patrick McCaw,1627775
Rodney McGruder,203585
Dejounte Murray,1627749
Jamal Murray,1627750
Maurice Ndour,1626254
Georges Niang,1627777
David Nwaba,1628021
Daniel Ochefu,1627849
Chinanu Onuaku,1627778
Georgios Papagiannis,1627834
Gary Payton II,1627780
Marshall Plumlee,1627850
Jakob Poeltl,1627751
Alex Poythress,1627816
Taurean Prince,1627752
Tim Quarterman,1627817
Chasson Randle,1626184
Malachi Richardson,1627781
Domantas Sabonis,1627734
Wayne Selden,1627782
Pascal Siakam,1627783
Diamond Stone,1627754
Isaiah Taylor,1627819
Mike Tobey,1627861
Tyler Ulis,1627755
Jarrod Uthoff,1627784
Denzel Valentine,1627756
Fred VanVleet,1627832
Okaro White,1627855
Isaiah Whitehead,1627785
Troy Williams,1627786
Kyle Wiltjer,1627787
Stephen Zimmerman,1627757
Paul Zipser,1627835
Ivica Zubac,1627826
Bam Adebayo,1628389
Jarrett Allen,1628386
Kadeem Allen,1628443
Ike Anigbogu,1628387
OG Anunoby,1628384
Ryan Arcidiacono,1627853
Jamel Artis,1628503
Dwayne Bacon,1628407
Lonzo Ball,1628366
Jordan Bell,1628395
Khem Birch,203920
Jabari Bird,1628444
Antonio Blakeney,1628469
Chris Boucher,1628449
Tony Bradley,1628396
Dillon Brooks,1628415
Sterling Brown,1628425
Thomas Bryant,1628418
Alex Caruso,1627936
Tyler Cavanaugh,1628463
Gian Clavell,1628492
Antonius Cleveland,1628499
John Collins,1628381
Zach Collins,1628380
Kyle Collinsworth,1627858
Charles Cooke,1628429
Matt Costello,1627856
Torrey Craig,1628470
Tyler Dorsey,1628416
Damyean Dotson,1628422
Milton Doyle,1628495
PJ Dozier,1628408
Jawun Evans,1628393
Terrance Ferguson,1628390
De'Aaron Fox,1628368
Markelle Fultz,1628365
Josh Gray,1627982
Daniel Hamilton,1627772
Shaquille Harrison,1627885
Josh Hart,1628404
Nigel Hayes,1628502
Reggie Hearn,203687
Myke Henry,1627988
Isaiah Hicks,1628439
John Holland,204066
Andre Ingram,201281
Jonathan Isaac,1628371
Aaron Jackson,1628935
Josh Jackson,1628367
Justin Jackson,1628382
Dakari Johnson,1626177
Omari Johnson,204179
Jalen Jones,1627883
Luke Kennard,1628379
Maxi Kleber,1628467
Furkan Korkmaz,1627788
Luke Kornet,1628436
Kyle Kuzma,1628398
Damion Lee,1627814
Tyler Lydon,1628399
Josh Magette,203705
Lauri Markkanen,1628374
Mangok Mathiang,1628493
Erik McCree,1628571
Trey McKinney-Jones,203590
Alfonzo McKinnie,1628035
Malcolm Miller,1626259
Donovan Mitchell,1628378
Malik Monk,1628370
Ben Moore,1628500
Jaylen Morris,1628537
Monte Morris,1628420
Johnathan Motley,1628405
Abdel Nader,1627846
Frank Ntilikina,1628373
Royce O'Neale,1626220
Semi Ojeleye,1628400
Cedi Osman,1626224
Marcus Paige,1627779
Justin Patton,1628383
Brandon Paul,203464
London Perrantes,1628506
Alec Peters,1628409
Jacob Pullen,1626643
Rodney Purvis,1628681
Zhou Qi,1627753
Ivan Rabb,1628397
Davon Reed,1628432
Devin Robinson,1628421
Xavier Silas,202918
Ben Simmons,1627732
Kobi Simmons,1628424
Edmond Sumner,1628410
Caleb Swanigan,1628403
Jayson Tatum,1628369
Daniel Theis,1628464
Sindarius Thornwell,1628414
Tyrone Wallace,1627820
Derrick Walton,1628476
Jameel Warney,1627866
Andrew White,1628510
Derrick White,1628401
Jacob Wiley,1628451
Matt Williams,1628475
Jamil Wilson,203966
Guerschon Yabusele,1627824
Jaylen Adams,1629121
Deng Adel,1629061
DeVaughn Akoon-Purcell,1629152
Rawle Alkins,1628959
Grayson Allen,1628960
Kostas Antetokounmpo,1628961
Deandre Ayton,1629028
Mo Bamba,1628964
Keita Bates-Diop,1628966
Jaron Blossomgame,1628417
Jonah Bolden,1628413
Isaac Bonga,1629067
Mikal Bridges,1628969
Miles Bridges,1628970
Isaiah Briscoe,1628515
Ryan Broekhoff,1629151
Bruce Brown,1628971
Jalen Brunson,1628973
Deonte Burton,1629126
Jevon Carter,1628975
Troy Caupain,1628505
Joe Chealey,1629147
Chris Chiozza,1629185
Gary Clark,1629109
Bonzie Colson,1629045
Tyler Davis,1629093
Marcus Derrickson,1629094
Hamidou Diallo,1628977
Donte DiVincenzo,1628978
Trevon Duval,1628979
Drew Eubanks,1629234
Jacob Evans,1628980
Melvin Frazier,1628982
Billy Garrett,1628656
Harry Giles,1628385
Shai Gilgeous-Alexander,1628983
Brandon Goodwin,1629164
Donte Grantham,1629055
Dusty Hannahs,1628605
Isaiah Hartenstein,1628392
Haywood Highsmith,1629312
Aaron Holiday,1628988
Kevin Huerter,1628989
Isaac Humphries,1629353
Chandler Hutchison,1628990
Frank Jackson,1628402
Amile Jefferson,1628518
Alize Johnson,1628993
Jemerrio Jones,1629203
George King,77268
Kevin Knox,1628995
Rodions Kurucs,1629066
Zach Lofton,1629155
Jordan Loyd,1628070
Daryl Macon,1629133
Yante Maten,1628999
Tahjere McCall,1628769
De'Anthony Melton,1629001
Chimezie Metu,1629002
Shake Milton,1629003
Elie Okobo,1629059
Josh Okogie,1629006
Theo Pinson,1629033
Duncan Robinson,1629130
Jerome Robinson,1629010
Mitchell Robinson,1629011
Brandon Sampson,1629102
Collin Sexton,1629012
Landry Shamet,1629013
Jordan Sibert,1626296
Anfernee Simons,1629014
Zhaire Smith,1629015
Omari Spellman,1629016
Jared Terrell,1629123
Emanuel Terry,1629150
Khyri Thomas,1629017
Allonzo Trier,1629019
Jarred Vanderbilt,1629020
Moritz Wagner,1629021
Brad Wanamaker,202954
Julian Washburn,1627395
Yuta Watanabe,1629139
Thomas Welsh,1629118
Johnathan Williams,1629140
Kenrich Williams,1629026
Robert Williams,1629057
Trae Young,1629027
Kyle Alexander,1629734
Nickeil Alexander-Walker,1629638
RJ Barrett,1629628
Darius Bazley,1629647
Goga Bitadze,1629048
Bol Bol,1629626
Jordan Bone,1629648
Brian Bowen,1628968
Ky Bowman,1629065
Jarrell Brantley,1629714
Ignas Brazdeikis,1629649
Oshae Brissett,1629052
Moses Brown,1629650
Devontae Cacok,1629719
Zylan Cheatham,1629597
Brandon Clarke,1629634
Chris Clemons,1629598
Amir Coffey,1629599
Tyler Cook,1629076
Jarrett Culver,1629633
Terence Davis,1629056
Luguentz Dort,1629652
Sekou Doumbouya,1629635
Carsen Edwards,1629035
Tacko Fall,1629605
Bruno Fernando,1628981
Michael Frazier,1626187
Wenyen Gabriel,1629117
Daniel Gafford,1629655
Darius Garland,1629636
Javonte Green,1629750
Kyle Guy,1629657
Rui Hachimura,1629060
Donta Hall,1629743
Jared Harper,1629607
Jaxson Hayes,1629637
Dewan Hernandez,1629608
Tyler Herro,1629639
Kevin Hervey,1628987
Jaylen Hoard,1629658
Talen Horton-Tucker,1629659
William Howard,1629739
De'Andre Hunter,1629631
Justin James,1629713
DaQuan Jeffries,1629610
Ty Jerome,1629660
Cameron Johnson,1629661
Keldon Johnson,1629640
Mfiondu Kabengele,1629662
Louis King,1629663
John Konchar,1629723
Romeo Langford,1629641
Vic Law,1629724
Jalen Lecque,1629665
Nassir Little,1629642
Terance Mann,1629611
Caleb Martin,1628997
Cody Martin,1628998
Jeremiah Martin,1629725
Kelan Martin,1629103
Garrison Mathews,1629726
Jalen McDaniels,1629667
Jordan McLaughlin,1629162
Adam Mokoka,1629690
Matt Mooney,1629760
Ja Morant,1629630
Juwan Morgan,1629752
Mychal Mulder,1628539
Malik Newman,1629005
Jaylen Nowell,1629669
Kendrick Nunn,1629134
KZ Okpala,1629644
Miye Oni,1629671
Tariq Owens,1629745
Eric Paschall,1629672
Norvel Pelle,203658
Vincent Poirier,1629738
Jordan Poole,1629673
Josh Reaves,1629729
Cam Reddish,1629629
Naz Reid,1629675
Isaiah Roby,1629676
Admiral Schofield,1629678
Marial Shayok,1629621
Chris Silva,1629735
Max Strus,1629622
Matt Thomas,1629744
Matisse Thybulle,1629680
Juan Toscano-Anderson,1629308
Rayjon Tucker,1629730
Gabe Vincent,1629216
Dean Wade,1629731
Tremont Waters,1629682
Paul Watson,1628778
Quinndary Weatherspoon,1629683
Coby White,1629632
Grant Williams,1629684
Nigel Williams-Goss,1628430
Zion Williamson,1629627
Justin Wright-Foreman,1629625
Precious Achiuwa,1630173
Ty-Shon Alexander,1630234
Cole Anthony,1630175
Deni Avdija,1630166
Udoka Azubuike,1628962
LaMelo Ball,1630163
Desmond Bane,1630217
Saddiq Bey,1630180
Tyler Bey,1630189
Keljin Blevins,1629833
Marques Bolden,1629716
Amida Brimah,1628578
Armoni Brooks,1629717
Elijah Bryant,1629091
Facundo Campazzo,1630267
Nate Darling,1630268
Gabriel Deck,1630466
Mamadi Diakite,1629603
Devon Dotson,1629653
Anthony Edwards,1630162
CJ Elleby,1629604
Malik Fitts,1630238
Malachi Flynn,1630201
Trent Forrest,1630235
Anthony Gill,1630264
Freddie Gillespie,1630273
Josh Green,1630182
Ashton Hagans,1630204
Tyrese Haliburton,1630169
Josh Hall,1630221
Jalen Harris,1630223
Killian Hayes,1630165
Nate Hinton,1630207
Markus Howard,1630210
Elijah Hughes,1630190
Isaiah Joe,1630198
Mason Jones,1630222
Tre Jones,1630200
Nathan Knight,1630233
Anthony Lamb,1630237
Saben Lee,1630240
Didi Louzada,1629712
Will Magnay,1630266
Nico Mannion,1630185
Naji Marshall,1630230
KJ Martin,1630231
Dakota Mathias,1629751
Tyrese Maxey,1630178
Skylar Mays,1630219
Jaden McDaniels,1630183
Sean McDermott,1630253
Sam Merrill,1630241
Aaron Nesmith,1630174
Zeke Nnaji,1630192
Jordan Nwora,1629670
Chuma Okeke,1629643
Onyeka Okongwu,1630168
Isaac Okoro,1630171
Cameron Oliver,1628419
Daniel Oturu,1630187
Reggie Perry,1629617
Aleksej Pokusevski,1630197
Jontay Porter,1629007
Payton Pritchard,1630202
Immanuel Quickley,1630193
Jahmi'us Ramsey,1630186
Paul Reed,1630194
Nick Richards,1630208
Grant Riller,1630203
Justin Robinson,1629620
Jay Scrubb,1630206
Deividas Sirvydis,1629686
Jalen Smith,1630188
Cassius Stanley,1630199
Lamar Stevens,1630205
Isaiah Stewart,1630191
Jae'Sean Tate,1630256
Tyrell Terry,1630179
Brodric Thomas,1630271
Killian Tillie,1629681
Obi Toppin,1630167
Devin Vassell,1630170
Greg Whittington,204222
Patrick Williams,1630172
Dylan Windler,1629685
Cassius Winston,1630216
James Wiseman,1630164
Jose Alvarado,1630631
Joel Ayayi,1630555
Dalano Banton,1630625
Scottie Barnes,1630567
Paris Bass,1628238
Charles Bassey,1629646
Leandro Bolmaro,1630195
James Bouknight,1630547
Shaq Buchanan,1629783
Jared Butler,1630215
Devin Cannady,1629962
Ahmad Caver,1629958
Justin Champagnie,1630551
Josh Christopher,1630528
Sharife Cooper,1630536
Petr Cornelie,1627822
Jarron Cumberland,1629600
Cade Cunningham,1630595
Javin DeLaurier,1629602
Ayo Dosunmu,1630245
Jeff Dowtin,1630288
Chris Duarte,1630537
Jaime Echenique,1630693
Kessler Edwards,1630556
Rob Edwards,1630306
Aleem Ford,1630758
Marcus Garrett,1630585
Usman Garuba,1630586
Luka Garza,1630568
Josh Giddey,1630581
Jordan Goodwin,1630692
Hassani Gravett,1629755
Jalen Green,1630224
Quentin Grimes,1629656
Tyler Hall,1629788
Sam Hauser,1630573
Aaron Henry,1630565
Malcolm Hill,1630792
Jay Huff,1630643
Feron Hunt,1630624
Bones Hyland,1630538
Isaiah Jackson,1630543
DeJon Jarreau,1630610
David Johnson,77139
Jalen Johnson,1630552
Keon Johnson,1630553
Carlik Jones,1630637
Kai Jones,1630539
Georgios Kalaitzakis,1630686
Braxton Key,1630296
Corey Kispert,1630557
Vit Krejci,1630249
Arnoldas Kulboka,1629083
Jonathan Kuminga,1630228
Jock Landale,1629111
Scottie Lewis,1630575
Isaiah Livers,1630587
Gabriel Lundberg,1630994
Sandro Mamukelashvili,1630572
Tre Mann,1630544
Miles McBride,1630540
Mac McClung,1630644
Cameron McGriff,1630787
JaQuori McLaughlin,1630605
Davion Mitchell,1630558
Evan Mobley,1630596
Moses Moody,1630541
Xavier Moon,1629875
Ade Murkey,1630278
Daishen Nix,1630227
Eugene Omoruyi,1630647
Jaysean Paige,1629873
Trayvon Palmer,1629309
Kevin Pangos,1630698
Jamorko Pickett,1630691
Yves Pons,1630582
Micah Potter,1630695
Myles Powell,1629619
Trevelin Queen,1630243
Neemias Queta,1629674
Austin Reaves,1630559
Jeremiah Robinson-Earl,1630526
Matt Ryan,1630346
Olivier Sarr,1630846
Jordan Schakel,1630648
Alperen Sengun,1630578
Day'Ron Sharpe,1630549
Marko Simonovic,1630250
Zavier Simpson,1630285
Jericho Sims,1630579
Xavier Sneed,1630270
Jaden Springer,1630531
Jalen Suggs,1630591
Craig Sword,1628591
Keifer Sykes,1626208
Terry Taylor,1630678
Jon Teske,1630257
Cam Thomas,1630560
JT Thor,1630550
Isaiah Todd,1630225
Franz Wagner,1630532
Lindy Waters III,1630322
Trendon Watford,1630570
Joe Wieskamp,1630580
Aaron Wiggins,1630598
Lindell Wigginton,1629623
Brandon Williams,1585
Ziaire Williams,1630533
Moses Wright,1630589
Omer Yurtseven,1630209
Ochai Agbaji,1630534
Paolo Banchero,1631094
Dominick Barlow,1631230
MarJon Beauchamp,1630699
Buddy Boeheim,1631205
Jamaree Bouyea,1631123
Malaki Branham,1631103
Christian Braun,1631128
Kendall Brown,1631112
John Butler,1631219
Jamal Cain,1631288
Julian Champagnie,1630577
Kennedy Chandler,1631113
Max Christie,1631108
Xavier Cooks,1641645
Dyson Daniels,1630700
Johnny Davis,76526
JD Davison,1631120
Darius Days,1630620
Ousmane Dieng,1631172
Jalen Duren,1631105
Tari Eason,1631106
Keon Ellis,1631165
Simone Fontecchio,1631323
Jacob Gilyard,1631367
RaiQuan Gray,1630564
AJ Griffin,1631100
Jordan Hall,1631160
Jaden Hardy,1630702
Kevon Harris,1630284
Caleb Houstan,1631216
Trevor Hudgins,1631309
Jaden Ivey,1631093
Quenton Jackson,1631245
Johnny Juzang,1630548
Trevor Keels,1631211
Walker Kessler,1631117
Christian Koloko,1631132
Jake LaRavia,1631222
Tyrese Martin,1631213
Bennedict Mathurin,1631097
Bryce McGowens,1631121
Justin Minaya,1631303
Josh Minott,1631169
Isaiah Mobley,1630600
Chima Moneke,1631320
Keegan Murray,1631099
Andrew Nembhard,1629614
Jason Preston,1630554
Lester Quinones,1631311
Jared Rhoden,1631197
Orlando Robinson,1631115
David Roddy,1631223
Ryan Rollins,1631157
Dereon Seabron,1631220
Shaedon Sharpe,1631101
Dru Smith,1630696
Jeremy Sochan,1631110
Cole Swider,1631306
Dalen Terry,1631207
Stanley Umude,1630649
Jabari Walker,1631133
Peyton Watson,1631212
Blake Wesley,1631104
Jack White,1631298
Alondes Williams,1631214
Donovan Williams,1631495
Jalen Williams,1631114
Jaylin Williams,1631119
Mark Williams,1631109
Gabe York,1628221
Nikola Jokic,203999
Ibou Badji,1630641
Amari Bailey,1641735
Emoni Bates,1641734
Onuralp Bitim,1641931
Anthony Black,1641710
Leaky Black,1641778
Kobe Brown,1641738
Kobe Bufkin,1641723
Toumani Camara,1641739
Colin Castleton,1630658
Malcolm Cazalon,1630608
Sidy Cissoko,1631321
Noah Clowney,1641730
Bilal Coulibaly,1641731
Dexter Dennis,1641926
Gradey Dick,1641711
Jordan Ford,1630259
Javon Freeman-Liberty,1631241
Alex Fudge,1641788
Kaiser Gates,1629232
Keyonte George,1641718
Collin Gillespie,1631221
Mouhamed Gueye,1631243
Jordan Hawkins,1641722
Scoot Henderson,1630703
Taylor Hendricks,1641707
D'Moi Hodge,1641793
Chet Holmgren,1631096
Jalen Hood-Schifino,1641720
Jett Howard,1641724
Trayce Jackson-Davis,1631218
Keyontae Johnson,1641749
Colby Jones,1641732
Maxwell Lewis,1641721
Chris Livingston,1641753
Seth Lundy,1641754
Brandon Miller,1641706
Jordan Miller,1641757
Leonard Miller,1631159
Dariq Whitehead,1641727
Kris Murray,1631200
Markquis Nowell,1641806
Julian Phillips,1641763
Jalen Pickett,1629618
Brandin Podziemski,1641764
Olivier-Maxence Prosper,1641765
Duop Reath,1641871
Rayan Rupert,1641712
Jermaine Samuels,1631257
Adama Sanogo,1641766
Gui Santos,1630611
Marcus Sasser,1631204
Brice Sensabaugh,1641729
Ben Sheppard,1641767
Jalen Slawson,1641771
Terquavion Smith,1631173
Julian Strawther,1631124
Amen Thompson,1641708
Ausar Thompson,1641709
Jacob Toppin,1631210
Oscar Tshiebwe,1631131
Hunter Tyson,1641816
Sasha Vezenkov,1628426
Jarace Walker,1641716
Cason Wallace,1641717
Jordan Walsh,1641775
Victor Wembanyama,1641705
Jalen Wilson,1630592
